experiment,model,category,shot,seed,drift_level,policy,image_auroc,image_ap,pixel_auroc,pixel_ap,aupro_0.3,max_f1,iou_at_best_f1,fragmentation,pixel_threshold,fit_ms,inference_ms_per_image,memory_mb,normal_mean_score,anomaly_mean_score,delta_anomaly_score,accepted_updates
drift,ppm-ad-full,carpet,10,0,0.0,fixed,0.978330658105939,0.9937012384637521,0.9848474112343122,0.45489159806040236,0.9205380206231797,0.5397605334775579,0.36963836812533,0.013009510974914072,6.5085039138793945,3314.020062003692,2.3258764531341996,0.1259765625,4.855003833770752,8.765924453735352,0.0,0
drift,ppm-ad-full,carpet,10,0,0.0,ungated,0.978330658105939,0.9937012384637521,0.9848474112343122,0.45489159806040236,0.9205380206231797,0.5397605334775579,0.36963836812533,0.013009510974914072,6.5085039138793945,3314.020062003692,2.287716914526024,0.1259765625,4.855003833770752,8.765924453735352,0.0,5967
drift,ppm-ad-full,carpet,10,0,0.0,gated,0.978330658105939,0.9937012384637521,0.9848474112343122,0.45489159806040236,0.9205380206231797,0.5397605334775579,0.36963836812533,0.013009510974914072,6.5085039138793945,3314.020062003692,2.290463837462629,0.1259765625,4.855003833770752,8.765924453735352,0.0,5967
drift,ppm-ad-full,carpet,10,0,0.1,fixed,0.9791332263242375,0.9939744027434337,0.9847274937478564,0.4539530978325502,0.7812456549693302,0.538234972016162,0.3682089540468285,0.010141715077521563,6.534133434295654,3314.020062003692,2.264889444507615,0.1259765625,4.885331153869629,8.772007942199707,-0.006083488464355469,0
drift,ppm-ad-full,carpet,10,0,0.1,ungated,0.9831460674157303,0.9950089304456893,0.9841389702005872,0.41681735285825516,0.889957692388742,0.5063707924995323,0.33902041414075235,0.007193136284061109,7.038915634155273,3314.020062003692,2.2495133165119845,0.1259765625,5.0964460372924805,8.996695518493652,-0.23077106475830078,5967
drift,ppm-ad-full,carpet,10,0,0.1,gated,0.9839486356340289,0.9952418802410102,0.9840432490974724,0.4164377051036943,0.8820302936459287,0.5061722729567252,0.33884246743671664,0.005589024592126065,7.022239685058594,3314.020062003692,2.250129222281826,0.1259765625,5.096121788024902,8.992523193359375,-0.22659873962402344,5967
drift,ppm-ad-full,carpet,10,0,0.2,fixed,0.9783306581059389,0.9937191145846019,0.98457076022782,0.44945902461826176,0.7794926537886715,0.5354611553214633,0.3656175848575706,0.00888933632276375,6.528553009033203,3314.020062003692,2.298354623445238,0.1259765625,4.899594783782959,8.7752103805542,-0.009285926818847656,0
drift,ppm-ad-full,carpet,10,0,0.2,ungated,0.9823434991974318,0.9945929730392133,0.9829739210394639,0.4023589203229921,0.7765777125959653,0.4921971419976779,0.32643335260007833,0.006156773102657647,6.943221569061279,3314.020062003692,2.303608213715518,0.1259765625,5.182809352874756,8.907083511352539,-0.1411590576171875,5967
drift,ppm-ad-full,carpet,10,0,0.2,gated,0.9819422150882824,0.9944939631382232,0.9828532229682359,0.40086574037040223,0.7771187542412277,0.49105939437505614,0.3254332162210445,0.006233944856129504,6.948846340179443,3314.020062003692,2.294834760668425,0.1259765625,5.1792778968811035,8.9105224609375,-0.14459800720214844,5967
drift,ppm-ad-full,carpet,10,0,0.3,fixed,0.9791332263242375,0.9939879113954366,0.9844941104850293,0.446331763603447,0.8438039029503133,0.5336608944924748,0.36394098233352745,0.005901791375414526,6.533456802368164,3314.020062003692,2.264712119408342,0.1259765625,4.927973747253418,8.786983489990234,-0.021059036254882812,0
drift,ppm-ad-full,carpet,10,0,0.3,ungated,0.9831460674157302,0.9947845010583569,0.9820009859204053,0.3892615235340775,0.8189194477207619,0.47968284344233314,0.3155149840763757,0.008496278897680806,6.861562728881836,3314.020062003692,2.2809653329383384,0.1259765625,5.222247123718262,8.849156379699707,-0.08323192596435547,5967
drift,ppm-ad-full,carpet,10,0,0.3,gated,0.9823434991974318,0.9945497688945271,0.9816007777414488,0.3843041321900883,0.8511006824716635,0.475487583348743,0.311894857762588,0.01482032941951274,6.81611442565918,3314.020062003692,2.2773522650822997,0.1259765625,5.229949951171875,8.804290771484375,-0.03836631774902344,5967
drift,ppm-ad-full,carpet,10,0,0.4,fixed,0.9795345104333868,0.9941435961505061,0.9842276388152048,0.4422224608514456,0.8580965236380016,0.5319107529220519,0.3623149982065158,0.0028983072597171308,6.595455169677734,3314.020062003692,2.2957236751686168,0.1259765625,4.950736045837402,8.809703826904297,-0.04377937316894531,0
drift,ppm-ad-full,carpet,10,0,0.4,ungated,0.9803370786516854,0.9939451169272278,0.9799906849258165,0.3634987205841929,0.8021913885450986,0.4562162720442046,0.29551825413285343,0.006581661166011684,6.627925872802734,3314.020062003692,2.2941981537419798,0.1259765625,5.306399822235107,8.662074089050293,0.1038503646850586,5967
drift,ppm-ad-full,carpet,10,0,0.4,gated,0.9775280898876404,0.9929791718320697,0.979220531641589,0.35515770551263093,0.8943637303606715,0.44854484751303325,0.2891123515842662,0.009607960110753044,6.59435510635376,3314.020062003692,2.2885300771658645,0.1259765625,5.314742088317871,8.58730697631836,0.1786174774169922,5967
drift,ppm-ad-full,carpet,10,1,0.0,fixed,0.9875601926163724,0.9967910268324225,0.9890655961400102,0.5909581060006512,0.846066377046174,0.6105451359711073,0.4394134360009059,0.0007386651023207287,8.89692497253418,3180.993406000198,2.3106307695638666,0.1259765625,4.954025745391846,11.661517143249512,0.0,0
drift,ppm-ad-full,carpet,10,1,0.0,ungated,0.9875601926163724,0.9967910268324225,0.9890655961400102,0.5909581060006512,0.846066377046174,0.6105451359711073,0.4394134360009059,0.0007386651023207287,8.89692497253418,3180.993406000198,2.290964247915062,0.1259765625,4.954025745391846,11.661517143249512,0.0,5967
drift,ppm-ad-full,carpet,10,1,0.0,gated,0.9875601926163724,0.9967910268324225,0.9890655961400102,0.5909581060006512,0.846066377046174,0.6105451359711073,0.4394134360009059,0.0007386651023207287,8.89692497253418,3180.993406000198,2.280311290454318,0.1259765625,4.954025745391846,11.661517143249512,0.0,5967
drift,ppm-ad-full,carpet,10,1,0.1,fixed,0.9867576243980738,0.9966397866630335,0.9890360165887528,0.5919128676404937,0.8524640429705446,0.611032181032925,0.4399181699453106,0.0019230485733115477,8.84608268737793,3180.993406000198,2.290277256225892,0.1259765625,4.970951080322266,11.65803050994873,0.00348663330078125,0
drift,ppm-ad-full,carpet,10,1,0.1,ungated,0.9871589085072232,0.9967618251261907,0.9902061400462684,0.6134782248671405,0.7916184291952041,0.6129555892601526,0.44191489797590755,0.009635424037849574,9.19448184967041,3180.993406000198,2.285065247431501,0.1259765625,5.257134914398193,11.94438648223877,-0.2828693389892578,5967
drift,ppm-ad-full,carpet,10,1,0.1,gated,0.9863563402889245,0.9965661055548697,0.990106425362261,0.6120622661602646,0.7942761539812229,0.6111051841736546,0.43999385497746824,0.009745349879637913,9.222929000854492,3180.993406000198,2.292980692753843,0.1259765625,5.269427299499512,11.946069717407227,-0.28455257415771484,5967
drift,ppm-ad-full,carpet,10,1,0.2,fixed,0.9867576243980738,0.9966397866630335,0.9892032302830891,0.5899523027776488,0.8414791145195399,0.6100155423421881,0.43886500959161273,0.004327449070717134,8.883891105651855,3180.993406000198,2.290458316254553,0.1259765625,4.9825968742370605,11.661490440368652,2.6702880859375e-05,0
drift,ppm-ad-full,carpet,10,1,0.2,ungated,0.9879614767255217,0.9969615997095236,0.9901290707851654,0.6113233338069882,0.9258633385236253,0.609418243334112,0.4382469713936679,0.001581232324183666,9.220293045043945,3180.993406000198,2.280036538603525,0.1259765625,5.331640720367432,11.917790412902832,-0.2562732696533203,5967
drift,ppm-ad-full,carpet,10,1,0.2,gated,0.9871589085072232,0.9967186839606331,0.9900850322492482,0.6111724830908558,0.9327473474865855,0.6094731549090291,0.4383037674250411,0.001766938053991489,9.21677303314209,3180.993406000198,2.28986792310149,0.1259765625,5.3453369140625,11.913238525390625,-0.2517213821411133,5967
drift,ppm-ad-full,carpet,10,1,0.3,fixed,0.9875601926163725,0.9968367876449313,0.9891724747795286,0.591382013688741,0.8252367724620565,0.61006993006993,0.4389213121352385,0.0014951811055486305,8.909493446350098,3180.993406000198,2.3033969831512646,0.1259765625,4.995426654815674,11.640318870544434,0.021198272705078125,0
drift,ppm-ad-full,carpet,10,1,0.3,ungated,0.9891653290529695,0.997194518964182,0.9899094712990657,0.6075333930951273,0.884535099605333,0.6092454565297513,0.43806828414850646,0.0014498501147967725,9.332818031311035,3180.993406000198,2.2860270852479747,0.1259765625,5.41772985458374,11.985818862915039,-0.32430171966552734,5967
drift,ppm-ad-full,carpet,10,1,0.3,gated,0.9883627608346709,0.9969974013734364,0.9898887734328474,0.610770277870452,0.9153060939793219,0.6095098777591101,0.43834175303369616,0.0012726028436181784,9.31558895111084,3180.993406000198,2.2908158290138245,0.1259765625,5.430406093597412,11.846579551696777,-0.18506240844726562,5967
drift,ppm-ad-full,carpet,10,1,0.4,fixed,0.9875601926163724,0.9967910268324225,0.9891260774377799,0.5893329688267532,0.8101738466646314,0.6085014850533124,0.43729941391753896,0.001761847189551522,8.871081352233887,3180.993406000198,2.303886145781666,0.1259765625,5.002176761627197,11.627190589904785,0.03432655334472656,0
drift,ppm-ad-full,carpet,10,1,0.4,ungated,0.9883627608346709,0.9969608514597642,0.989834642350363,0.603740020940082,0.8142801638710191,0.6061590999395043,0.43488399566492547,0.001465363983430094,9.349888801574707,3180.993406000198,2.2948761022864628,0.1259765625,5.5260748863220215,11.952425956726074,-0.2909088134765625,5967
drift,ppm-ad-full,carpet,10,1,0.4,gated,0.9879614767255216,0.9968818375533167,0.9896948236227245,0.6025327229781152,0.8091576260883836,0.6052125614185003,0.43391024659212746,0.0013364317242743763,9.330394744873047,3180.993406000198,2.2890894105618136,0.1259765625,5.538221836090088,11.953729629516602,-0.29221248626708984,5967
drift,ppm-ad-full,carpet,10,2,0.0,fixed,0.9257624398073837,0.977794691971319,0.9747617901907268,0.37946157763939786,0.7784736886404876,0.43436672788208625,0.2774383603220796,0.003907361461109973,5.510989189147949,3137.833488995966,2.3046699231296466,0.1259765625,4.942074775695801,7.909035682678223,0.0,0
drift,ppm-ad-full,carpet,10,2,0.0,ungated,0.9257624398073837,0.977794691971319,0.9747617901907268,0.37946157763939786,0.7784736886404876,0.43436672788208625,0.2774383603220796,0.003907361461109973,5.510989189147949,3137.833488995966,2.2845411968330898,0.1259765625,4.942074775695801,7.909035682678223,0.0,5967
drift,ppm-ad-full,carpet,10,2,0.0,gated,0.9257624398073837,0.977794691971319,0.9747617901907268,0.37946157763939786,0.7784736886404876,0.43436672788208625,0.2774383603220796,0.003907361461109973,5.510989189147949,3137.833488995966,2.287421401694087,0.1259765625,4.942074775695801,7.909035682678223,0.0,5967
drift,ppm-ad-full,carpet,10,2,0.1,fixed,0.924959871589085,0.9776522973094999,0.9746642897305556,0.3816568385094941,0.8294317407181089,0.4365113685504245,0.2791906252274547,0.0029161125254749372,5.5724358558654785,3137.833488995966,2.2887396070216663,0.1259765625,4.958297252655029,7.918649196624756,-0.009613513946533203,0
drift,ppm-ad-full,carpet,10,2,0.1,ungated,0.9225521669341893,0.9772951095538396,0.9719015274562721,0.37839898892462465,0.8750338027149087,0.41859408628101236,0.2646974332457161,0.004988681587854337,5.660076141357422,3137.833488995966,2.285325572737413,0.1259765625,5.083343505859375,7.627874851226807,0.281160831451416,5967
drift,ppm-ad-full,carpet,10,2,0.1,gated,0.9229534510433387,0.9773791895665882,0.9718539189427129,0.37822927433498227,0.8767359017753806,0.41735568620712005,0.26370782276840704,0.004581669602634112,5.635431289672852,3137.833488995966,2.284163658026582,0.1259765625,5.079570770263672,7.613802909851074,0.29523277282714844,5967
drift,ppm-ad-full,carpet,10,2,0.2,fixed,0.9265650080256822,0.9781341442563558,0.9743139235583558,0.3792529953639202,0.8755037878333644,0.4346741912198963,0.2776892764316257,0.0034966675383142952,5.59837532043457,3137.833488995966,2.2884278118403425,0.1259765625,4.975261688232422,7.947232246398926,-0.038196563720703125,0
drift,ppm-ad-full,carpet,10,2,0.2,ungated,0.9213483146067416,0.9771360437136982,0.9681061164626806,0.38031612021999106,0.8873658724775779,0.4088991708105186,0.2569913630293404,0.013266185333910439,5.902594089508057,3137.833488995966,2.2840289146297126,0.1259765625,5.1747517585754395,7.534960746765137,0.37407493591308594,5967
drift,ppm-ad-full,carpet,10,2,0.2,gated,0.9221508828250401,0.9773958832848002,0.9673751990879632,0.37814892717606235,0.7642122521621296,0.40664075674619304,0.25520971398502074,0.0052212322419626514,5.89454460144043,3137.833488995966,2.284236563868128,0.1259765625,5.168988227844238,7.509458541870117,0.39957714080810547,5967
drift,ppm-ad-full,carpet,10,2,0.3,fixed,0.9257624398073836,0.9778787721007918,0.9738130579547556,0.37943090757109116,0.898231866317073,0.43263620106290984,0.2760279402626899,0.011936728590372805,5.569648265838623,3137.833488995966,2.3116673420369427,0.1259765625,5.010875225067139,7.963200569152832,-0.054164886474609375,0
drift,ppm-ad-full,carpet,10,2,0.3,ungated,0.9157303370786517,0.9752730952802829,0.9646083327020178,0.37614002323672796,0.789156678647257,0.4029157813692673,0.25228211303390685,0.013122277176488239,6.022397518157959,3137.833488995966,2.293758495607807,0.1259765625,5.3061676025390625,7.5088324546813965,0.40020322799682617,5967
drift,ppm-ad-full,carpet,10,2,0.3,gated,0.9145264847512038,0.9749335911411618,0.9631882984220068,0.37450762528551446,0.7932752526967892,0.40244157756809634,0.251910397715205,0.006553565209696283,6.214554309844971,3137.833488995966,2.2965397003691836,0.1259765625,5.294284343719482,7.4859466552734375,0.42308902740478516,5967
drift,ppm-ad-full,carpet,10,2,0.4,fixed,0.9221508828250401,0.9768291591793847,0.9732449926966571,0.3778356881463254,0.8480862240553718,0.4293338715283618,0.2733450882690976,0.002723735685215335,5.6085333824157715,3137.833488995966,2.2946686666627,0.1259765625,5.050410747528076,7.993323802947998,-0.08428812026977539,0
drift,ppm-ad-full,carpet,10,2,0.4,ungated,0.9089085072231139,0.9733779467825256,0.9614954991751328,0.37329217529278635,0.8138242813512954,0.4002313343087164,0.250180756063109,0.0033773053879711306,6.407173156738281,3137.833488995966,2.283597623908984,0.1259765625,5.388274192810059,7.5458807945251465,0.36315488815307617,5967
drift,ppm-ad-full,carpet,10,2,0.4,gated,0.9105136436597111,0.973825184068096,0.9602429437780438,0.37367221288289226,0.7929421309580442,0.40176513303666195,0.2513805332003672,0.005331694871295749,6.314871788024902,3137.833488995966,2.2828783679496834,0.1259765625,5.375102519989014,7.5495219230651855,0.3595137596130371,5967
drift,ppm-ad-full,bottle,10,0,0.0,fixed,0.9976190476190476,0.9992440151090303,0.9815692517431318,0.7496557728351251,0.9157673883762618,0.7120477119907052,0.5528525541045248,0.014169280233614497,5.20817756652832,3055.203032999998,2.3034750961688775,0.1259765625,3.679839611053467,9.341419219970703,0.0,0
drift,ppm-ad-full,bottle,10,0,0.0,ungated,0.9976190476190476,0.9992440151090303,0.9815692517431318,0.7496557728351251,0.9157673883762618,0.7120477119907052,0.5528525541045248,0.014169280233614497,5.20817756652832,3055.203032999998,2.2945144097671384,0.1259765625,3.679839611053467,9.341419219970703,0.0,4233
drift,ppm-ad-full,bottle,10,0,0.0,gated,0.9976190476190476,0.9992440151090303,0.9815692517431318,0.7496557728351251,0.9157673883762618,0.7120477119907052,0.5528525541045248,0.014169280233614497,5.20817756652832,3055.203032999998,2.3015783980477558,0.1259765625,3.679839611053467,9.341419219970703,0.0,4233
drift,ppm-ad-full,bottle,10,0,0.1,fixed,0.9976190476190476,0.9992440151090303,0.9815829120854085,0.7478776290266387,0.8387087739906574,0.7133795689356528,0.5544600036745219,0.002199425511208683,5.234620571136475,3055.203032999998,2.3144839155482106,0.1259765625,3.688952684402466,9.349807739257812,-0.008388519287109375,0
drift,ppm-ad-full,bottle,10,0,0.1,ungated,0.9976190476190476,0.9992440151090303,0.9836631512030418,0.7628699597968917,0.8408643279859662,0.7288646735961719,0.5733965994464215,0.0023170687946795316,5.650383472442627,3055.203032999998,2.299861891471489,0.1259765625,3.7218995094299316,9.506422996520996,-0.16500377655029297,4233
drift,ppm-ad-full,bottle,10,0,0.1,gated,0.9976190476190476,0.9992440151090303,0.9836631512030418,0.7628699597968917,0.8408643279859662,0.7288646735961719,0.5733965994464215,0.0023170687946795316,5.650383472442627,3055.203032999998,2.2988073255709676,0.1259765625,3.7218995094299316,9.506422996520996,-0.16500377655029297,4233
drift,ppm-ad-full,bottle,10,0,0.2,fixed,0.9976190476190476,0.9992440151090303,0.9814312305155469,0.7483022831778541,0.8818658453855274,0.711385776962096,0.5520548851967553,0.003204071326261805,5.310140609741211,3055.203032999998,2.4392837109759515,0.1259765625,3.7017924785614014,9.349261283874512,-0.007842063903808594,0
drift,ppm-ad-full,bottle,10,0,0.2,ungated,0.9968253968253968,0.9990036304936458,0.9832179346744723,0.7499133714178302,0.902434643673814,0.7262270014304741,0.570138480126398,0.0018667805236466427,5.572384357452393,3055.203032999998,2.3300422044156726,0.1259765625,3.7973475456237793,9.512736320495605,-0.17131710052490234,4233
drift,ppm-ad-full,bottle,10,0,0.2,gated,0.9968253968253968,0.9990036304936458,0.9832179346744723,0.7499133714178302,0.902434643673814,0.7262270014304741,0.570138480126398,0.0018667805236466427,5.572384357452393,3055.203032999998,2.2960198552772706,0.1259765625,3.7973475456237793,9.512736320495605,-0.17131710052490234,4233
drift,ppm-ad-full,bottle,10,0,0.3,fixed,0.9976190476190476,0.9992440151090303,0.9814282417795221,0.7504644325827938,0.860003188692981,0.7127767542940353,0.5537320403991927,0.007300413644776831,5.314671516418457,3055.203032999998,2.2737380479748577,0.1259765625,3.721161365509033,9.347949981689453,-0.00653076171875,0
drift,ppm-ad-full,bottle,10,0,0.3,ungated,0.996031746031746,0.998759551380519,0.9828118594338842,0.7403414660250592,0.8646392163103123,0.7261062838111935,0.5699896895508163,0.019069936064177694,5.636563777923584,3055.203032999998,2.259344759317261,0.1259765625,3.917292356491089,9.525259017944336,-0.1838397979736328,4233
drift,ppm-ad-full,bottle,10,0,0.3,gated,0.996031746031746,0.998759551380519,0.9828118594338842,0.7403414660250592,0.8646392163103123,0.7261062838111935,0.5699896895508163,0.019069936064177694,5.636563777923584,3055.203032999998,2.2534670243187,0.1259765625,3.917292356491089,9.525259017944336,-0.1838397979736328,4233
drift,ppm-ad-full,bottle,10,0,0.4,fixed,0.9976190476190476,0.9992440151090303,0.9812752990067919,0.7500782477706018,0.8508943400606755,0.712898888196517,0.5538794750923685,0.004150213130832717,5.278853416442871,3055.203032999998,2.330875710155731,0.1259765625,3.765103578567505,9.34569263458252,-0.004273414611816406,0
drift,ppm-ad-full,bottle,10,0,0.4,ungated,0.9936507936507937,0.9980524202494705,0.9811264189078693,0.7206006818308611,0.8276805057696837,0.715586357221702,0.5571307664358243,0.008876546666611784,5.674088001251221,3055.203032999998,2.2783018677552924,0.1259765625,5.012285232543945,9.623515129089355,-0.28209590911865234,4233
drift,ppm-ad-full,bottle,10,0,0.4,gated,0.9936507936507937,0.9980524202494705,0.9811264189078693,0.7206006818308611,0.8276805057696837,0.715586357221702,0.5571307664358243,0.008876546666611784,5.674088001251221,3055.203032999998,2.4248597229492894,0.1259765625,5.012285232543945,9.623515129089355,-0.28209590911865234,4233
drift,ppm-ad-full,bottle,10,1,0.0,fixed,1.0,0.9999999999999998,0.9814106524543033,0.7347895819525959,0.8818024635510674,0.7094016851783097,0.5496688450862584,0.003269573884159215,5.442554950714111,3162.624777003657,2.3064823379895807,0.1259765625,3.5764987468719482,8.77017593383789,0.0,0
drift,ppm-ad-full,bottle,10,1,0.0,ungated,1.0,0.9999999999999998,0.9814106524543033,0.7347895819525959,0.8818024635510674,0.7094016851783097,0.5496688450862584,0.003269573884159215,5.442554950714111,3162.624777003657,2.2972829037497426,0.1259765625,3.5764987468719482,8.77017593383789,0.0,4233
drift,ppm-ad-full,bottle,10,1,0.0,gated,1.0,0.9999999999999998,0.9814106524543033,0.7347895819525959,0.8818024635510674,0.7094016851783097,0.5496688450862584,0.003269573884159215,5.442554950714111,3162.624777003657,2.289287675121597,0.1259765625,3.5764987468719482,8.77017593383789,0.0,4233
drift,ppm-ad-full,bottle,10,1,0.1,fixed,1.0,0.9999999999999998,0.9815740450512245,0.7354602778381522,0.8442009714701059,0.7101147688372427,0.5505255441967617,0.018390336954323624,5.422441482543945,3162.624777003657,2.3152157467935814,0.1259765625,3.5966861248016357,8.786849021911621,-0.01667308807373047,0
drift,ppm-ad-full,bottle,10,1,0.1,ungated,1.0,0.9999999999999998,0.9818228377344556,0.7332682163152328,0.8859509781559226,0.7129422376874409,0.5539318114258065,0.002799524974911235,5.434447288513184,3162.624777003657,2.3004189038968996,0.1259765625,3.638193130493164,8.86878776550293,-0.09861183166503906,4233
drift,ppm-ad-full,bottle,10,1,0.1,gated,1.0,0.9999999999999998,0.9818228377344556,0.7332682163152328,0.8859509781559226,0.7129422376874409,0.5539318114258065,0.002799524974911235,5.434447288513184,3162.624777003657,2.4383425904916183,0.1259765625,3.638193130493164,8.86878776550293,-0.09861183166503906,4233
drift,ppm-ad-full,bottle,10,1,0.2,fixed,1.0,0.9999999999999998,0.9814504843672773,0.7360088060188478,0.9194620760295112,0.7092444472050392,0.5494800666704581,0.0030975620816632954,5.4419331550598145,3162.624777003657,2.298784192584186,0.1259765625,3.5997116565704346,8.77940845489502,-0.009232521057128906,0
drift,ppm-ad-full,bottle,10,1,0.2,ungated,0.9992063492063492,0.999751984126984,0.981611998255623,0.7223291779830896,0.9126371662913539,0.7120894324075797,0.5529028570195968,0.006009031173765929,5.438498497009277,3162.624777003657,2.2821320847261712,0.1259765625,3.7439701557159424,8.885905265808105,-0.11572933197021484,4233
drift,ppm-ad-full,bottle,10,1,0.2,gated,0.9992063492063492,0.999751984126984,0.981611998255623,0.7223291779830896,0.9126371662913539,0.7120894324075797,0.5529028570195968,0.006009031173765929,5.438498497009277,3162.624777003657,2.2830276023133673,0.1259765625,3.7439701557159424,8.885905265808105,-0.11572933197021484,4233
drift,ppm-ad-full,bottle,10,1,0.3,fixed,1.0,0.9999999999999998,0.9815274637807311,0.7368201005133667,0.9081503410941926,0.7113774752422877,0.5520448863611487,0.0045352315353087425,5.438379764556885,3162.624777003657,2.2752723376601875,0.1259765625,3.6428234577178955,8.781145095825195,-0.010969161987304688,0
drift,ppm-ad-full,bottle,10,1,0.3,ungated,0.9984126984126984,0.9995115995115993,0.9806458369255291,0.7076516257508954,0.863540981310225,0.7083023240609234,0.5483499252609405,0.00835253935810528,5.523098468780518,3162.624777003657,2.2618433982007633,0.1259765625,4.4455437660217285,8.929210662841797,-0.15903472900390625,4233
drift,ppm-ad-full,bottle,10,1,0.3,gated,0.9984126984126984,0.9995115995115993,0.9806458369255291,0.7076516257508954,0.863540981310225,0.7083023240609234,0.5483499252609405,0.00835253935810528,5.523098468780518,3162.624777003657,2.2663180007149064,0.1259765625,4.4455437660217285,8.929210662841797,-0.15903472900390625,4233
drift,ppm-ad-full,bottle,10,1,0.4,fixed,1.0,0.9999999999999998,0.9814415070367872,0.7381279135889699,0.8805219439670705,0.7095768524291806,0.549879203395364,0.004653076900102664,5.434085369110107,3162.624777003657,2.4776133733727206,0.1259765625,3.7256999015808105,8.80103588104248,-0.030859947204589844,0
drift,ppm-ad-full,bottle,10,1,0.4,ungated,0.9658730158730159,0.9898706072054617,0.9751426933797328,0.655797621602833,0.8432894997409978,0.6642194125782216,0.49725188315563656,0.007854098787818004,5.713919639587402,3162.624777003657,2.3139416382519014,0.1259765625,6.778318881988525,9.089784622192383,-0.3196086883544922,4233
drift,ppm-ad-full,bottle,10,1,0.4,gated,0.9658730158730159,0.9898706072054617,0.9751426933797328,0.655797621602833,0.8432894997409978,0.6642194125782216,0.49725188315563656,0.007854098787818004,5.713919639587402,3162.624777003657,2.2981813613497875,0.1259765625,6.778318881988525,9.089784622192383,-0.3196086883544922,4233
drift,ppm-ad-full,bottle,10,2,0.0,fixed,1.0,0.9999999999999998,0.9830781462743381,0.7370451830273272,0.8505925141845452,0.7275647932853174,0.5717892663185786,0.001936890426784198,5.412688255310059,2958.764137001708,2.2744909638934487,0.1259765625,3.691972255706787,8.821222305297852,0.0,0
drift,ppm-ad-full,bottle,10,2,0.0,ungated,1.0,0.9999999999999998,0.9830781462743381,0.7370451830273272,0.8505925141845452,0.7275647932853174,0.5717892663185786,0.001936890426784198,5.412688255310059,2958.764137001708,2.2774674217511213,0.1259765625,3.691972255706787,8.821222305297852,0.0,4233
drift,ppm-ad-full,bottle,10,2,0.0,gated,1.0,0.9999999999999998,0.9830781462743381,0.7370451830273272,0.8505925141845452,0.7275647932853174,0.5717892663185786,0.001936890426784198,5.412688255310059,2958.764137001708,2.279675506049745,0.1259765625,3.691972255706787,8.821222305297852,0.0,4233
drift,ppm-ad-full,bottle,10,2,0.1,fixed,1.0,0.9999999999999998,0.9831436288666907,0.7377178187361971,0.9101351131035437,0.7288097472226003,0.5733286151543701,0.004870643393586242,5.483309745788574,2958.764137001708,2.463163915987923,0.1259765625,3.714298963546753,8.834704399108887,-0.013482093811035156,0
drift,ppm-ad-full,bottle,10,2,0.1,ungated,1.0,0.9999999999999998,0.9826840954611397,0.7238425597882623,0.8321066632437917,0.7254277249443081,0.5691538558789151,0.0024004563452257066,5.436527252197266,2958.764137001708,2.3087647950230448,0.1259765625,3.755934476852417,8.838616371154785,-0.017394065856933594,4233
drift,ppm-ad-full,bottle,10,2,0.1,gated,1.0,0.9999999999999998,0.9826840954611397,0.7238425597882623,0.8321066632437917,0.7254277249443081,0.5691538558789151,0.0024004563452257066,5.436527252197266,2958.764137001708,2.297017988236902,0.1259765625,3.755934476852417,8.838616371154785,-0.017394065856933594,4233
drift,ppm-ad-full,bottle,10,2,0.2,fixed,1.0,0.9999999999999998,0.9831390505735558,0.7388147171930843,0.8859061698779965,0.7290395918030125,0.5736131409767863,0.001384616662439549,5.449304580688477,2958.764137001708,2.5150631687671217,0.1259765625,3.7180683612823486,8.835558891296387,-0.014336585998535156,0
drift,ppm-ad-full,bottle,10,2,0.2,ungated,1.0,0.9999999999999998,0.9823228879588137,0.7136203631531776,0.8367954638371358,0.7238140899091884,0.5671697863030651,0.001134313579773101,5.440266132354736,2958.764137001708,2.263504602590082,0.1259765625,3.8403701782226562,8.854947090148926,-0.03372478485107422,4233
drift,ppm-ad-full,bottle,10,2,0.2,gated,1.0,0.9999999999999998,0.9823228879588137,0.7136203631531776,0.8367954638371358,0.7238140899091884,0.5671697863030651,0.001134313579773101,5.440266132354736,2958.764137001708,2.2615622891237996,0.1259765625,3.8403701782226562,8.854947090148926,-0.03372478485107422,4233
drift,ppm-ad-full,bottle,10,2,0.3,fixed,1.0,0.9999999999999998,0.9832798904177664,0.7405448644848661,0.8929815972014984,0.7283927459991304,0.572812669719665,0.0011518895038484212,5.430536270141602,2958.764137001708,2.2708896989548433,0.1259765625,3.756263017654419,8.834458351135254,-0.013236045837402344,0
drift,ppm-ad-full,bottle,10,2,0.3,ungated,0.9968253968253968,0.9990036304936458,0.9818810570002325,0.7089873058881505,0.8941297588012231,0.7198443469084145,0.5623100168873878,0.031716341855240505,5.525054931640625,2958.764137001708,2.2683920364522554,0.1259765625,4.194206714630127,8.871614456176758,-0.05039215087890625,4233
drift,ppm-ad-full,bottle,10,2,0.3,gated,0.9968253968253968,0.9990036304936458,0.9818810570002325,0.7089873058881505,0.8941297588012231,0.7198443469084145,0.5623100168873878,0.031716341855240505,5.525054931640625,2958.764137001708,2.253968505583653,0.1259765625,4.194206714630127,8.871614456176758,-0.05039215087890625,4233
drift,ppm-ad-full,bottle,10,2,0.4,fixed,1.0,0.9999999999999998,0.9832011279149355,0.741996913597421,0.8961540035750053,0.7285852552244704,0.5730508146286312,0.0011764932076159596,5.4872870445251465,2958.764137001708,2.2700306629314624,0.1259765625,3.800271511077881,8.812806129455566,0.008416175842285156,0
drift,ppm-ad-full,bottle,10,2,0.4,ungated,0.9753968253968254,0.9922230506437821,0.9748923728461144,0.630369145751022,0.8697199371993141,0.6679060216837983,0.501395571600772,0.005440905004325185,5.644644260406494,2958.764137001708,2.262943252554326,0.1259765625,7.438381195068359,9.19575023651123,-0.3745279312133789,4233
drift,ppm-ad-full,bottle,10,2,0.4,gated,0.9753968253968254,0.9922230506437821,0.9748923728461144,0.630369145751022,0.8697199371993141,0.6679060216837983,0.501395571600772,0.005440905004325185,5.644644260406494,2958.764137001708,2.2541162653802336,0.1259765625,7.438381195068359,9.19575023651123,-0.3745279312133789,4233
